{"cameraMode":{"drawMode":0,"name":"Shaded","section":"Shading Mode"},"sceneLighting":false,"audioPlay":false,"sceneViewState":{"showFog":true,"showMaterialUpdate":false,"showSkybox":true,"showFlares":true,"showImageEffects":true,"showParticleSystems":true},"in2DMode":false,"pivot":{"x":6.340813636779785,"y":-0.9741119742393494,"z":-28.592815399169923},"rotation":{"x":-0.0008120499551296234,"y":0.9989210367202759,"z":-0.04228919371962547,"w":-0.019179847091436387},"size":51.35667037963867,"orthographic":false}