{"cameraMode":{"drawMode":0,"name":"Shaded","section":"Shading Mode"},"sceneLighting":false,"audioPlay":false,"sceneViewState":{"showFog":true,"showMaterialUpdate":false,"showSkybox":false,"showFlares":true,"showImageEffects":true,"showParticleSystems":true},"in2DMode":false,"pivot":{"x":6.875000476837158,"y":0.440000057220459,"z":-0.047711849212646487},"rotation":{"x":0.0024595384020358326,"y":0.9797315001487732,"z":-0.19993744790554048,"w":0.012052470818161965},"size":15.320881843566895,"orthographic":false}